"COLECTIVO","PROGRAMA","DESCRIPCION"
"INFANCIA Y FAMILIA","PROGRAMA DE APOYO A FAMILIAS EN LAS QUE CONVIVAN PERSONAS EN SITUACIÓN DE DEPENDENCIA","<p>Los programas pretenden ofrecer una atención integral a las familias en las que convivan personas con necesidades especiales de cuidado, especialmente, niños, niñas y adolescentes.</p><p>Prioridades:</p><p>Servicios de información y orientación a las familias.</p><p>Servicios de apoyo psico-social a las familias.</p>"
"INFANCIA Y FAMILIA","PROGRAMAS DIRIGIDOS A FACILITAR LA CONCILIACIÓN ENTRE LA VIDA LABORAL, FAMILIAR Y PERSONAL","<p>Su objetivo es extender la oferta de servicios que presten atención educativa a niños/as menores de tres años, preferentemente derivados de servicios sociales que, contemplando un proyecto socioeducativo adecuado, posibiliten a las familias la conciliación entre la vida laboral, familiar y personal.</p><p>Asimismo, podrán incluirse servicios destinados a prestar apoyo directo a las familias con menores de 3 años, relacionados con pautas de crianza, para cubrir necesidades puntuales de conciliación, espacios de juego, de encuentro familiar o servicios de respiro, apoyo socioeducativo a la primera infancia en el ámbito rural, atención domiciliaria y otros de análoga naturaleza.</p><p>Prioridades:</p><p>Servicios con comedor para hijos/as de padres y madres trabajadores/as.</p><p>Servicios sin comedor complementarios de las funciones de cuidado que realiza la familia.</p><p>Servicios de atención socioeducativa a niños/as y familias del medio rural y población dispersa, llevados a cabo en la propia casa o en otro espacio autorizado por la Administración competente.</p><p>Servicios que se presten en zonas de fuerte crecimiento demográfico o de nueva creación con población socialmente desfavorecida o en zonas rurales, así como aquéllas que requieran un refuerzo en la dotación de servicios para consolidar el asentamiento de su población.</p><p>Requisitos:</p><p>Los servicios con horario amplio y comedor deben estar abiertos un mínimo de ocho horas al día durante cinco días a la semana.</p><p>Los servicios complementarios del cuidado de la familia deben atender a los/las niños/as durante un mínimo de tres horas diarias y realizar una tarea socioeducativa con sus familias durante tres horas semanales como mínimo.</p><p>Los servicios deberán contar con la autorización de la Administración Pública competente o acreditar que se encuentran en trámite de obtenerla.</p>"
"INFANCIA Y FAMILIA","PROGRAMAS DE PROMOCIÓN DE LA CALIDAD DE VIDA INFANTIL Y PROTECCIÓN DE LOS DERECHOS DE LA INFANCIA","<p>Los programas pretenden promover el desarrollo personal y social de los/as niños/as, fundamentalmente a través de actividades educativas, culturales y de tiempo libre que favorezcan la participación social y/o ayuden a la sensibilización sobre los derechos de la infancia, el cuidado del medioambiente y el desarrollo de valores solidarios, así como para facilitar el intercambio de información institucional que posibilite la relación de los niños y las familias.</p><p>Prioridades:</p><p>Los programas que se desarrollen en zonas de riesgo social y que propongan acciones preventivas y de intervención, complementarias de los servicios normalizados educativos y de servicios sociales.</p><p>Los programas que se desarrollen en centros educativos de áreas desfavorecidas, mediante colaboración de ONG y Ayuntamientos, una vez finalizadas las actividades escolares diarias y aquéllos que prevean actuaciones que faciliten la conciliación de la actividad laboral de las familias durante los periodos vacacionales de los niños/as.</p><p>Los programas que realicen actuaciones de integración para menores inmigrantes especialmente en centros de educación infantil.</p><p>Los programas que potencien la participación y responsabilidad de los/as niños/as.</p><p>Requisitos:</p><p>Para los/as niños/as menores deben existir espacios, personal y actividades diferenciadas según los diferentes tramos de edad, modulado como corresponda en los núcleos con población reducida.</p>"
"INFANCIA Y FAMILIA","EQUIPAMIENTOS RESIDENCIALES PARA MENORES EN SITUACIÓN DE DIFICULTAD Y/O CONFLICTO SOCIAL Y PARA LA EJECUCIÓN DE MEDIDAS EN MEDIO ABIERTOS","<p>a) Equipamientos Residenciales.</p><p>Estos programas pretenden ofrecer alojamiento y convivencia potenciando factores de desarrollo personal y habilidades sociales para su integración y/o reinserción social, a través de centros, pisos o mini-residencias, en sus distintas modalidades, en función de las necesidades generales y particulares y circunstancias del colectivo al que van dirigidos, para:</p><p>Menores de 18 años afectados por una medida de protección.</p><p>Menores en cumplimiento de una medida dictada por los jueces de menores.</p><p>En estos programas se tendrán especialmente en cuenta las circunstancias de los menores extranjeros no acompañados, por requerir una atención específica para facilitar su integración social, así como las de los mayores de 18 años, que hayan estado bajo una medida de protección, y que por sus circunstancias personales se encuentren en centros residenciales, al objeto de facilitar su autonomía personal y de integración sociolaboral.</p><p>Prioridades:</p><p>Los programas innovadores que contemplen criterios de calidad, evaluación y que incorporen las buenas prácticas sobre las que existe un consenso para la mejora de los servicios residenciales.</p><p>Requisitos:</p><p>Los centros, pisos o mini-residencias contarán con la estructura necesaria y adecuada para la consecución de los objetivos. Los centros contarán con módulos diferenciados.</p><p>Los programas, aunque sólo contemplen gastos de inversión, deberán ir acompañados del proyecto educativo/objetivos que persigue.</p><p>Deberán contar con el visto bueno de la Comunidad Autónoma donde vayan a desarrollarse.</p><p>b) Los programas para la ejecución de medidas en medio abierto para menores infractores, en ejecución de las dictadas por los Jueces de Menores, de acuerdo con lo dispuesto en la Ley Orgánica 5/2000, de 12 de enero, y que sean susceptibles de materialización por las organizaciones no gubernamentales, además de la responsabilidad extrajudicial del daño.</p><p>Prioridades:</p><p>Programas que establezcan mecanismos de coordinación con los recursos socio-comunitarios que hagan más eficaz la integración de los menores en el contexto familiar, social y laboral.</p><p>Requisitos:</p><p>Los programas deberán contar con el visto bueno de la Comunidad Autónoma donde van a desarrollarse.</p>"
"INFANCIA Y FAMILIA","PROGRAMAS DE FOMENTO DE LA ACOGIDA FAMILIAR DE MENORES Y DE PROMOCIÓN DE LA ADOPCIÓN DE NIÑOS CON NECESIDADES ESPECIALES","<p>Los programas de acogida pretenden fomentar y facilitar el acogimiento familiar de menores que se encuentren bajo la tutela o guarda de la Administración Pública competente en protección de menores como alternativa al internamiento en un centro residencial y los programas de adopción pretenden promover y facilitar la adopción de niños/as con especiales características.</p><p>Prioridades:</p><p>Programas destinados a fomentar la acogida no preadoptiva de menores.</p><p>Programas destinados a fomentar la acogida familiar, la adopción de niños/as con necesidades especiales (niños/as mayores, grupos de hermanos, niños/as con discapacidad).</p><p>Programas que incluyan actividades de apoyo post adoptivo a las familias y a los niños.</p><p>Programas innovadores que contemplen criterios de calidad, evaluación y buenas prácticas en el acogimiento familiar.</p><p>Requisitos:</p><p>La ONG deberá contar con la acreditación y/o autorización de la Comunidad Autónoma para desarrollar el programa. Este extremo deberá justificarse documentalmente en el momento de presentar la solicitud.</p>"
"INFANCIA Y FAMILIA","PROGRAMAS PARA LA PREVENCIÓN Y ATENCIÓN DEL MALTRATO Y EXPLOTACIÓN INFANTIL","<p>Los programas pretenden que se lleven a cabo acciones que permitan la prevención, detección y atención, en su caso, del maltrato y explotación infantil.</p><p>Prioridades:</p><p>Actuaciones con familias y/o menores en situación de riesgo de maltrato infantil.</p><p>En el caso de menores extranjeros no acompañados, se tendrán en cuenta las especiales circunstancias de los mismos por requerir una atención específica.</p><p>Actuaciones dirigidas a la prevención y atención del abuso y de la explotación sexual infantil.</p><p>Actuaciones dirigidas a la prevención del trabajo infantil.</p><p>Actuaciones dirigidas a la prevención y atención de trastornos de dependencia grupal (sectas, bandas juveniles, etc.).</p><p>Actuaciones dirigidas a la prevención y/o tratamiento del maltrato entre iguales (Bullying).</p>"
"INFANCIA Y FAMILIA","PROGRAMAS DE INTERVENCIÓN EN FAMILIAS QUE SE ENCUENTRAN EN SITUACIONES DE ESPECIAL DIFICULTAD","<p>Los programas deberán contemplar actuaciones de intervención en familias que se encuentren en las siguientes situaciones:</p><p>Familias en situación de dificultad o exclusión social.</p><p>Familias en situación de riesgo.</p><p>Familias numerosas y familias monoparentales en situación de dificultad social y bajos ingresos.</p><p>Familias que hayan sido víctimas de acciones violentas o en cuyo seno se produzca violencia familiar, dando preferencia a la intervención con las víctimas, con especial atención a los menores afectados.</p><p>Prioridades:</p><p>Los programas que se realicen en zonas o barrios desfavorecidos.</p><p>Los programas que prevean actuaciones con familias que presenten alto riesgo de exclusión social.</p><p>Los programas que establezcan mecanismos de coordinación con los servicios sociales de atención primaria y otros recursos existentes en la zona, como los de reinserción laboral, formación laboral, etc.</p><p>Requisitos:</p><p>Los programas deberán contemplar intervenciones psicosociales de carácter integral individualizadas por grupo familiar.</p>"
"INFANCIA Y FAMILIA","PROGRAMAS DE ORIENTACIÓN Y/O MEDIACIÓN FAMILIAR Y PUNTOS DE ENCUENTRO FAMILIAR","<p>Los programas pretenden potenciar la oferta de servicios que atienden la problemática surgida en la estructura familiar generada por las interacciones entre sus miembros y se dirigen prioritariamente a familias que por sus bajos ingresos no pueden acceder a la oferta privada existente.</p><p>Los programas comprenden:</p><p>La orientación, de carácter psicosocial, a las familias sobre las relaciones de pareja, las relaciones entre padres e hijos y las relaciones intergeneracionales, con el fin de prevenir situaciones de riesgo que puedan generar un deterioro de la convivencia familiar y/o desintegración familiar.</p><p>La mediación familiar como proceso de negociación no conflictiva en los procesos de separación y divorcio y otros supuestos de conflictividad familiar donde esté indicada, primando en todo el proceso el interés de los menores.</p><p>Los Puntos de Encuentro Familiar para facilitar espacios de encuentro adecuados para el ejercicio de los derechos y deberes parentales después de la ruptura de pareja, u otras situaciones derivadas de sentencias judiciales o resoluciones administrativas en las que deba facilitarse el encuentro entre el menor y el progenitor no custodio y/o la familia biológica.</p><p>La Terapia Familiar a familias con problemática específica con el fin de tratar situaciones de conflictividad familiar.</p><p>Requisitos:</p><p>Los programas se dirigirán preferentemente a familias desfavorecidas o en situación de conflicto, y se garantizará en todo caso la gratuidad para aquellas unidades familiares con ingresos inferiores al doble del IPREM (Indicador público de renta de efectos múltiples).</p><p>Las intervenciones psicosociales serán, en todo caso, individualizadas por núcleo familiar. No se contemplarán intervenciones de carácter grupal.</p><p>Los profesionales que lleven a cabo estos programas deberán contar con la experiencia y formación adecuada al tipo de intervención que realicen y formar parte de un equipo multidisciplinar, en especial en los programas de puntos de encuentro familiares, con el fin de poder intervenir en situaciones de alta conflictividad familiar y visitas tuteladas.</p><p>Los programas deben contar con el visto bueno de la Comunidad Autónoma en donde vayan a desarrollarse.</p><p>Los puntos de encuentro familiar deben contar, en su caso, con un protocolo de actuación específico para los casos de violencia de género.</p>"
"INFANCIA Y FAMILIA","PROGRAMAS DE EDUCACIÓN FAMILIAR Y PARENTALIDAD POSITIVA","<p>Estos programas deberán estar orientados a facilitar a las personas que ejercen responsabilidades parentales pautas de crianza y educación de los niños, niñas y adolescentes a su cargo, atendiendo a su interés superior.</p><p>Prioridades:</p><p>Actividades que se desarrollen en zonas desfavorecidas o en el ámbito rural o que incluyan intervenciones en entornos familiares de especial vulnerabilidad o dificultad social.</p><p>Los proyectos que contemplen actuaciones socioeducativas en las áreas de: salud, seguimiento escolar, pautas de crianza y socialización, entre otras.</p><p>Intervenciones a cargo de profesionales especializados en educación familiar o social realizadas preferentemente mediante visitas domiciliarias al núcleo familiar.</p><p>Actuaciones dirigidas a la difusión, sensibilización o promoción de la parentalidad positiva.</p><p>En los programas dirigidos a este colectivo, cuando se incluyan gastos en construcción, adquisición de inmuebles o adecuación y mejora de centros, será necesario acreditar la cofinanciación en el momento de presentar la solicitud.</p>"
"JÓVENES","ACTUACIONES INTEGRALES QUE AYUDEN A CONSEGUIR LA EMANCIPACIÓN DE LOS Y LAS JÓVENES, AUMENTANDO SU GRADO DE AUTONOMÍA PERSONAL Y SU INTEGRACIÓN SOCIAL","<p>Los programas están dirigidos a facilitar la emancipación y la inserción sociolaboral de jóvenes, con dificultad para acceder a un empleo, de escasa cualificación profesional, de zonas rurales o de sectores sociales desfavorecidos.</p><p>Prioridades:</p><p>Programas que impulsen acciones innovadoras, a través de las nuevas tecnologías, que faciliten la emancipación de los y las jóvenes.</p><p>Programas que potencien la capacidad emprendedora de los y las jóvenes a través de la formación para el autoempleo y la promoción de iniciativas empresariales.</p><p>Programas que promuevan procesos integrales de formación, información, y orientación profesional, prácticas en empresas, acompañamiento y seguimiento a lo largo de todo el proceso.</p><p>Programas que contemplen intervenciones en materia de vivienda orientadas a promover la emancipación de los y las jóvenes así como la convivencia intergeneracional.</p><p>Programas de intervención socioeducativa, que incluyan actuaciones individualizadas, de apoyo psicológico y emocional para jóvenes y adolescentes con dificultades de adaptación social.</p>"
"JÓVENES","ACTUACIONES QUE PROMUEVAN LA CONVIVENCIA Y  LA IGUALDAD ENTRE LOS Y LAS JÓVENES A TRAVÉS DE LA EDUCACIÓN EN VALORES","<p>Prioridades:</p><p>Programas que desarrollen valores de convivencia, tolerancia e interculturalidad.</p><p>Programas que promuevan actividades que favorezcan la igualdad de oportunidades entre los y las jóvenes.</p><p>Programas de prevención de conductas antisociales, de violencia y racismo, así como de trastornos de conducta grupal (sectas, bandas juveniles, etc.)</p><p>Programas de sensibilización contra la violencia de género y por razón de la orientación sexual.</p><p>Programas que estén dirigidos especialmente a jóvenes en situación o en riesgo de exclusión social.</p>"
"JÓVENES","ACTUACIONES QUE CONTRIBUYAN A LA PROMOCIÓN DE LA PARTICIPACIÓN SOCIAL DE LOS Y LAS JÓVENES Y AL DESARROLLO Y ACTIVIDADES DE OCIO Y TIEMPO LIBRE","<p>Prioridades:</p><p>Programas que estimulen la participación de los y las jóvenes en asociaciones juveniles, en actividades de voluntariado y/o en la vida social y cultural de su entorno.</p><p>Programas que proporcionen a los y las jóvenes las competencias y habilidades necesarias para ejercer una ciudadanía activa, especialmente en el marco de la educación no formal.</p><p>Programas que promuevan la participación de los y las jóvenes en situación o en riesgo de exclusión social, a través de actividades culturales y de ocio y tiempo libre.</p><p>Programas que contemplen actuaciones adaptadas a las necesidades específicas de los y las jóvenes en situación o en riesgo de exclusión social.</p>"
"JÓVENES","ACTUACIONES QUE FOMENTEN LA ADQUISICIÓN DE HÁBITOS DE VIDA SALUDABLE Y DE EDUCACIÓN MEDIOAMBIENTAL","<p>Prioridades:</p><p>Programas de educación para la salud que establezcan actuaciones en la prevención de enfermedades de transmisión sexual, tabaquismo, trastornos de la conducta alimentaria, educación en salud sexual y reproductiva y embarazos no deseados y prevención de accidentes de tráfico.</p><p>Programas de educación medioambiental que promuevan entre los y las jóvenes actuaciones para la utilización responsable del medio ambiente.</p>"
"MUJERES","PROGRAMAS DIRIGIDOS A CONSEGUIR LA INSERCIÓN SOCIAL DE LAS MUJERES QUE SE ENCUENTRAN EN SITUACIÓN O EN RIESGO DE EXCLUSIÓN SOCIAL","<p>Prioridades:</p><p>Programas de intervención socioeducativa que fomenten la participación de las mujeres a través de actividades formativas. Asimismo, los programas de intervención socioeducativa que fomenten la participación de las mujeres a través de actividades culturales y de tiempo libre.</p><p>Programas que desarrollan medidas encaminadas a la integración personal, social y laboral de mujeres en situación de exclusión social. Se priorizará un enfoque integral de la intervención.</p><p>Programas que fomenten la mejora de la salud de las mujeres en situación o en riesgo de exclusión social, durante todo su ciclo vital, con especial atención a las mujeres embarazadas, y la educación en salud sexual y reproductiva.</p><p>Programas dirigidos a prestar información, atención jurídica y psicológica a mujeres en situación o en riesgo de exclusión social.</p><p>Requisitos:</p><p>En caso de inversiones, deberá acreditarse el cumplimiento de los requisitos comunes que sean de aplicación y que figuran reseñados en el punto II del presente anexo.</p>"
"MUJERES","PROGRAMAS DIRIGIDOS A FAVORECER LA INCORPORACIÓN DE LAS MUJERES AL MUNDO LABORAL","<p>Los programas tienen por objeto impulsar la incorporación, permanencia y promoción de las mujeres en el mercado laboral, así como promover el espíritu emprendedor y la actividad empresarial de las mujeres, especialmente de las que se encuentren en especiales dificultades de acceso al mercado de trabajo y de las que se encuentren en situación o en riesgo de exclusión social.</p><p>Prioridades:</p><p>Programas de formación en nuevos sectores de empleo (medio ambiente, desarrollo sostenible, nuevas tecnologías, comunicación, etc.) y que impliquen acuerdos con empresas del sector que garanticen la inserción profesional, especialmente de las mujeres jóvenes, las mayores de 45 años, las mujeres rurales y las mujeres con discapacidad.</p><p>Programas que incluyan itinerarios de inserción y/o diversificación profesional.</p><p>Programas que ofrezcan oportunidades de empleo y autoempleo a las mujeres rurales, a través de la formación, el asesoramiento y el mantenimiento de redes comerciales de productos y servicios generados por ellas.</p><p>Programas dirigidos a promover el espíritu emprendedor y la actividad empresarial de las mujeres.</p><p>Programas dirigidos a prevenir y combatir las discriminaciones por razón de género en el mercado laboral.</p><p>Requisitos:</p><p>Los horarios de los cursos deberán ser diseñados de acuerdo con los intereses y necesidades de las mujeres.</p><p>Las acciones formativas deberán realizarse en aquellas zonas donde exista una mayor necesidad de inserción laboral de las mujeres.</p>"
"MUJERES","PROGRAMAS DIRIGIDOS A PREVENIR Y ERRADICAR LA VIOLENCIA CONTRA LAS MUJERES, EN TODAS SUS MANIFESTACIONES: VIOLENCIA DE GÉNERO, TRÁFICO CON FINES DE EXPLOTACIÓN SEXUAL (PROSTITUCIÓN) Y DELITOS CONTRA LA LIBERTAD SEXUAL","<p>Los programas tienen por objetivo tanto prevenir la violencia como prestar asistencia integral a las mujeres víctimas, a través de los Centros de acogida y de otros servicios de atención, así como de programas de prevención e información.</p><p>Prioridades:</p><p>Programas que promuevan el mantenimiento de Centros de Acogida (centros de emergencia, casas de acogida y/o pisos tutelados) en los que se preste atención psicológica, apoyo social y asistencia jurídica a las víctimas.</p><p>Programas de información, orientación y asesoramiento, así como de derivación a recursos específicos y coordinación con los mismos, de atención psicológica, de apoyo social, y de asistencia jurídica a mujeres víctimas de género, violencia en el trabajo, de delitos contra la libertad sexual y de tráfico con fines de explotación sexual que no residan en Centros de Acogida.</p><p>Programas de inserción sociolaboral para las mujeres víctimas de violencia con la finalidad de fomentar su independencia económica.</p><p>Requisitos:</p><p>En caso de inversiones, deberá acreditarse el cumplimiento de los requisitos comunes que sean de aplicación y que figuran reseñados en el punto II del presente anexo.</p>"
"PERSONAS MAYORES","ATENCIÓN PERSONAL, ATENCIÓN NOCTURNA, SERVICIOS DE RESPIRO Y APOYO A FAMILIAS Y ADAPTACIÓN DE VIVIENDA","<p>Programas dirigidos a personas mayores con dependencia moderada para la atención y cuidado personal en el domicilio y asistencia doméstica, incluidos suministros externos de comida y lavandería.</p><p>Programas dirigidos a personas mayores en situación de dependencia para la realización de las tareas esenciales de la vida diaria y a las personas cuidadoras, favoreciendo la permanencia del mayor en el domicilio y comprenden:</p><p>Servicios complementarios de acompañamiento en el domicilio y para gestiones básicas como visitas médicas y gestión de documentos que se realizarán preferentemente, con personal voluntario.</p><p>Ayudas técnicas, teleasistencia y otras tecnologías, que permitan un mayor grado de autonomía, seguridad y confianza.</p><p>Programas de estancias temporales, acompañamiento nocturno, en fines de semana, en postoperatorio, formación de familiares, creación de grupos de apoyo y otros servicios de respiro transitorio análogos a los indicados.</p><p>Adaptación y adecuación de viviendas para dotarlas de condiciones de movilidad, habitabilidad, incluyendo pequeñas inversiones para dotaciones necesarias y básicas.</p><p>Prioridades:</p><p>Programas dirigidos a personas mayores en situación de dependencia. Programas dirigidos a personas mayores que viven en grandes ciudades y en municipios del ámbito rural.</p><p>Programas de tutela y servicios de atención para personas mayores incapacitadas legalmente.</p><p>Programas de apoyo a las personas cuidadoras.</p><p>Requisitos:</p><p>Los programas que incluyan ayudas técnicas deberán tener previsto el retorno de los aparatos suministrados para su reutilización.</p><p>En los programas de adaptación de vivienda se deberá aportar el compromiso de la entidad solicitante de exigir al beneficiario la acreditación de la titularidad o derecho suficiente sobre la misma o, en su caso, la autorización del arrendador, propietario o titular del derecho. En ambos supuestos, deberá constar compromiso de la entidad de exigirle, también, la acreditación de la residencia efectiva, así como de obtener las licencias y permisos para la ejecución de la obra.</p><p>Deberán incorporar indicadores de calidad y de cumplimiento de objetivos.</p><p>Deberá acreditarse el cumplimiento de los requisitos comunes que sean de aplicación y que figuran reseñados en el punto II del presente anexo.</p>"
"PERSONAS MAYORES","PROMOCIÓN Y ADECUACIÓN DE PLAZAS PARA PERSONAS MAYORES CON DEPENDENCIA RESIDENCIAS DE PERSONAS MAYORES","<p>Los programas tienen como objetivo la creación de plazas de estancia permanente para personas con dependencia, la mejora de la infraestructura de residencias de personas mayores con dependencia en funcionamiento, la adecuación de plazas para atención de personas mayores con dependencia y dotación de equipamiento, acreditando la cofinanciación y comprenden:</p><p>Adquisición de inmuebles.</p><p>Obras de adecuación y mejora de centros gerontológicos de estancia permanente en funcionamiento que no reúnan condiciones estructurales apropiadas para la atención a usuarios con dependencia.</p><p>Dotación de equipamiento.</p><p>Construcción de residencias para personas mayores con dependencia.</p><p>Prioridades:</p><p>La realización de obras para adecuar las residencias para personas mayores a la normativa vigente y adaptar plazas para las personas mayores con dependencia.</p><p>Las residencias para personas mayores destinadas a personas con dependencia, subvencionadas en anteriores convocatorias con cargo a la asignación tributaria del Impuesto sobre la Renta de las Personas Físicas.</p><p>Las residencias para personas mayores con dependencia.</p><p>Requisitos:</p><p>En el supuesto de que el programa presentado suponga disponibilidad de nuevas plazas, deberá documentarse la fórmula prevista para la financiación de estas plazas o, en su caso, para el mantenimiento de la residencia para personas mayores con dependencia.</p><p>Acreditar la cofinanciación.</p><p>Cuando se trate de proyectos de obra nueva, remodelación y/o adecuación de plazas de equipamiento, financiados en convocatorias anteriores, deberán acompañar una memoria sobre la ejecución en el año anterior y el grado de cumplimiento de los objetivos previstos.</p><p>Deberá acreditarse el cumplimiento de los requisitos comunes que sean de aplicación y que figuran reseñados en el punto II del presente anexo.</p>"
"PERSONAS MAYORES","ATENCIÓN DIURNA Y NOCTURNA","<p>Los programas tienen como objetivo la promoción de plazas en centros de día y centros de noche para personas mayores dependientes, con el fin de evitar su institucionalización y comprenden:</p><p>La creación, adecuación, equipamiento y mantenimiento de plazas en centros de día y centros de noche para mayores dependientes, incluyendo la dotación de vehículos adecuados y el personal de apoyo para el traslado al centro.</p><p>Prioridades:</p><p>Centros de día y centros de noche para mayores dependientes.</p><p>Los programas dirigidos a la creación, adecuación y equipamiento de plazas en centros de día y centros de noche para mayores, subvencionados en convocatorias anteriores con cargo al IRPF.</p><p>Los programas dirigidos a la adecuación y equipamiento de plazas en centros de día para mayores en residencias de personas mayores dependientes en funcionamiento que permitan el uso compartido de los servicios comunes y de los servicios especializados.</p><p>Requisitos:</p><p>Los programas de atención en centros de día y centros de noche para mayores deberán comprender áreas de atención social y sanitaria, junto con equipamiento y personal específico, cualificado y suficiente, para el desarrollo de los programas.</p><p>Deberá acreditarse el cumplimiento de los requisitos comunes que sean de aplicación y que figuran reseñados en el punto II del presente anexo.</p>"
"PERSONAS CON DISCAPACIDAD","VIDA AUTÓNOMA, ADAPTACIÓN DE VIVIENDA Y LA INTEGRACIÓN SOCIAL DE LAS PERSONAS CON DISCAPACIDAD","<p> Los programas tienen como objetivo la consecución de una mejor calidad de vida y autonomía personal, la integración social de las personas con discapacidad, así como facilitar la realización de las tareas esenciales de la vida cotidiana favoreciendo la permanencia de las personas con discapacidad en situación de dependencia, por el tiempo que sea posible, en el entorno en que desarrollan su vida, y comprenden:</p><p>Programas que incluyan un conjunto de intervenciones para el fomento y desarrollo de competencias y habilidades personales que constituyan un medio de apoyo para la autonomía personal y el desarrollo de una vida independiente, así como la aplicación de las nuevas tecnologías de asistencia y de la información y de la comunicación.</p><p>Programas de atención y cuidado personal especializado en el domicilio y servicios complementarios de acompañamiento por voluntarios.</p><p>Programas de accesibilidad y adaptación de viviendas que permitan mejorar su capacidad de desenvolvimiento para dotarlas de condiciones de movilidad, habitabilidad y de comunicación.</p><p>Programas dirigidos a cubrir las necesidades específicas de personas con enfermedad mental, que cumplan los requisitos establecidos por la comunidad autónoma correspondiente según su cartera de servicios y líneas estratégicas.</p><p>Prioridades:</p><p>Los programas dirigidos a las personas con discapacidad en situación de dependencia.</p><p>Los programas dirigidos a las mujeres con discapacidad, especialmente a aquéllas con cargas familiares o que vivan solas, así como las que viven habitualmente en municipios de ámbito rural.</p><p>Requisitos:</p><p>Que estén establecidos los criterios sociales a aplicar para la selección de los usuarios y el régimen de aportación económica por los servicios que se vayan a recibir.</p><p>Los programas que incluyan productos de apoyo o instrumentos necesarios para el normal desenvolvimiento de la vida cotidiana y acceso a la información, deberán tener previsto el retorno de los instrumentos suministrados para su reutilización, siempre que su naturaleza lo permita.</p><p>Que en los programas referidos a adaptación y accesibilidad de viviendas los usuarios acrediten la titularidad o derecho suficiente sobre la misma o, en su caso, la autorización del arrendador, propietario o titular del derecho, siendo obligación de las entidades solicitantes la comprobación de tales extremos. Igualmente, deberá constar el compromiso de la entidad solicitante de exigir la acreditación de la residencia efectiva, así como, en su caso, de obtener las licencias y permisos pertinentes para la ejecución de la obra. Además, deberá acreditarse el cumplimiento de los requisitos comunes que sean de aplicación y que figuran reseñados en el punto II del presente anexo.</p>"
"PERSONAS CON DISCAPACIDAD","CENTROS DE ATENCIÓN DIURNA, CENTROS RESIDENCIALES Y VIVIENDAS TUTELADAS O DE CONVIVENCIA","<p> Los programas tienen como objetivo la continuación de la ejecución de las obras y dotación de equipamiento de centros subvencionados en convocatorias anteriores con cargo al IRPF.</p><p>Se podrá subvencionar inversiones nuevas, siempre y cuando se acredite que cuentan con cofinanciación ajena, para centros cuyos usuarios sean personas con discapacidad en situación de dependencia y estén vinculadas a la programación territorial y a las necesidades de nuevos recursos de la administración autonómica correspondiente.</p><p>Igualmente, comprende obras de adecuación y mejora de infraestructuras y eliminación de barreras así como reposición de equipamiento, de centros en funcionamiento que no reúnan condiciones estructurales apropiadas para el tratamiento y atención de los usuarios.</p><p>Están excluidos los gastos de mantenimiento y funcionamiento de estos centros.</p><p>También, se incluye la dotación de vehículos adecuados y el personal de apoyo para el traslado de los usuarios, personas con discapacidad, que no puedan utilizar medios de transporte normalizado.</p><p>Prioridades:</p><p>La realización de obras para adecuar las infraestructuras de los centros para personas con discapacidad en situación de dependencia a la respectiva normativa autonómica vigente.</p><p>Requisitos:</p><p>Acreditar la cofinanciación ajena para inversiones nuevas, excepto para la dotación de vehículos adaptados.</p><p>En el supuesto de que el programa presentado suponga disponibilidad de nuevas plazas en centros residenciales, deberá documentarse la fórmula prevista para la financiación de estas plazas.</p><p>Que estén establecidos los criterios sociales a aplicar para la selección de los usuarios y el régimen de aportación económica por los servicios que se vayan a recibir.</p><p>Acreditar el cumplimiento de los requisitos comunes que sean de aplicación y que figuran reseñados en el punto I I del presente Anexo.</p>"
"PERSONAS CON DISCAPACIDAD","Programas de atención nocturna, servicios de respiro, y apoyo a familias que tienen a su cargo personas con discapacidad","<p> Los programas tienen como objetivo el apoyo y el descanso para las familias cuidadoras que tienen a su cargo personas con discapacidad, favoreciendo su permanencia en el domicilio familiar y comprenden:</p><p>Programas de intervención directa con la familia que incorporen servicios de información y orientación y servicios de apoyo psico-social.</p><p>Programas de ayuda mutua familiar.</p><p>Programas referidos a servicios de respiro, tales como servicios de acompañamiento circunstancial diurno, nocturno, en tiempo libre, en fines de semana, en periodos vacacionales, descansos en postoperatorios, y otros servicios transitorios análogos.</p><p>Programas de mantenimiento de pisos de apoyo para el alojamiento de familias desplazadas por motivos médicos.</p><p>Programas de formación a familias para la atención cotidiana de personas con discapacidad en situación de dependencia.</p><p>Programas de tutela y servicios de atención para personas con discapacidad legalmente incapacitadas.</p><p>Estos programas incluyen pequeñas inversiones para dotaciones necesarias.</p><p>Prioridades:</p><p>Los programas dirigidos a familias que tienen a su cargo personas con discapacidad en situación de dependencia.</p><p>Programas dirigidos a familias monoparentales, a mujeres con discapacidad, a familias cuyo progenitor sea persona con discapacidad y a familias en el medio rural, que tienen a su cargo personas con discapacidad.</p><p>Requisitos:</p><p>Que estén establecidos los criterios sociales a aplicar para la selección de los usuarios y el régimen de aportación económica por los servicios que se vayan a recibir.</p>"
"PERSONAS CON DROGODEPENDENCIA","APOYO AL MANTENIMIENTO DE LOS RECURSOS ASISTENCIALES Y DE REINSERCIÓN SOCIOLABORAL","<p>Los programas tienen como objetivo consolidar las redes de servicios de atención a drogodependientes en las Comunidades Autónomas.</p><p>Prioridades:</p><p>Centros o servicios con programas terapéuticos, desarrollados por equipos interdisciplinarios en atención ambulatoria.</p><p>Centros de encuentro y acogida para drogodependientes activos que proporcionen información, intervenciones de reducción del daño y mediación ante otros recursos que mejoren sus condiciones de vida (vivienda, ingresos, tratamientos).</p><p>Comunidades terapéuticas.</p><p>Servicios residenciales para la rehabilitación de menores drogodependientes.</p><p>Centros de día donde se desarrollen programas personalizados de incorporación social, que integren acciones e intervenciones que incluyan la mejora de sus condiciones de vida y relaciones sociofamiliares, la orientación ocupacional y profesional, y la mediación y el seguimiento en la búsqueda de empleo.</p><p>Viviendas de apoyo al tratamiento y/o la reinserción.</p><p>Requisitos:</p><p>Los programas de intervención deberán respetar los criterios del Plan Autonómico de Drogas.</p><p>Las comunidades terapéuticas, pisos y centros residenciales para menores deberán estar autorizados por la Comunidad Autónoma correspondiente.</p>"
"PERSONAS CON DROGODEPENDENCIA","PROGRAMAS DE PREVENCIÓN EN ENTORNOS VULNERABLES AL CONSUMO DE DROGAS, ESPECIALMENTE EL ALCOHOL EN LOS MENORES, QUE PRECISEN DE INTERVENCIONES ESPECÍFICAS DIRIGIDAS A LA PROMOCIÓN DE ESTILOS DE VIDA SALUDABLES","<p>Prioridades:</p><p>Programas comunitarios destinados a la prevención de los problemas generados por el consumo de alcohol, cannabis y cocaína en la población adolescente y juvenil.</p><p>Programas dirigidos al ámbito escolar.</p><p>Programas dirigidos a los espacios de ocio nocturno.</p><p>Programas de sensibilización, información y apoyo a las familias para intervenir preventivamente ofreciéndoles soporte especializado, si es necesario.</p><p>Requisitos:</p><p>Los programas deberán cumplir los criterios metodológicos y de planificación aprobados por el Plan Nacional sobre Drogas y los específicos del Plan Autonómico de Drogas correspondiente.</p>"
"PUEBLO GITANO","INSERCIÓN LABORAL","<p>Los programas tienen como finalidad la mejora de la empleabilidad y la inserción laboral de aquellos grupos de la comunidad gitana en situación de exclusión social que no pueden acceder a las acciones formativas o al mercado de trabajo normalizados, en colaboración con la red pública de servicios sociales y/o de empleo, coordinados con los correspondientes Programas de Desarrollo Gitano/Planes de Inclusión Social de las Comunidades Autónomas.</p><p>Prioridades:</p><p>Cursos de formación, preferentemente para mujeres y jóvenes, en especialidades adaptadas y dirigidas a potenciar el acceso de los gitanos y gitanas al empleo, con actividades de formación pre-laboral, así como información-orientación, acompañamiento y seguimiento en el proceso de inserción laboral.</p><p>Programa de formación de mediadores y mediadoras interculturales en los ámbitos de acción social, laboral, educación, vivienda, hábitat y salud.</p><p>Programas de acceso a las tecnologías de la información y comunicación, que permitan el desarrollo de las habilidades y capacidades ocupacionales.</p><p>Programas de sensibilización al tejido empresarial sobre la igualdad de trato en el acceso al empleo.</p><p>Requisitos:</p><p>Los programas deberán incluir materias en las áreas de formación básica y ocupacional, formación profesional general y/o especializada y actividades complementarias.</p><p>El número de alumnos estará comprendido entre 15 y 25.</p><p>El profesorado deberá acreditar la titulación adecuada a los cursos formativos que se impartan.</p><p>Los horarios de los cursos deberán ser diseñados de acuerdo con los intereses y necesidades de las mujeres.</p>"
"PUEBLO GITANO","INSERCIÓN SOCIAL","<p>Los programas tienen como objetivo la incorporación social y la realización de actividades que faciliten el acceso a los recursos necesarios de los grupos de la comunidad gitana más vulnerables, en colaboración con la red pública de servicios sociales y coordinados con los correspondientes Programas de Desarrollo Gitano/Planes de Inclusión de las Comunidades Autónomas.</p><p>Prioridades:</p><p>Programas para fomentar la educación infantil (0-6 años) y la escolarización obligatoria (6-16 años) de la infancia y adolescencia gitana, así como para promover las actividades de acompañamiento social con las familias gitanas en este ámbito.</p><p>Programas innovadores y globales de prevención del absentismo y abandono escolar, con especial incidencia en las niñas y adolescentes gitanas, así como programas de apoyo y refuerzo educativo extraescolar.</p><p>Programas que faciliten la continuidad y permanencia en los estudios, en los niveles medios y superiores.</p><p>Programas de alfabetización de adultos que incluyan actividades de aprendizaje para la participación social y faciliten el acceso y el conocimiento de las tecnologías de la información y comunicación.</p><p>Programas de alfabetización, formación básica y habilidades sociales para las mujeres gitanas.</p><p>Programas de prevención y educación para la salud, incluidas las acciones orientadas a la educación en salud sexual y reproductiva.</p><p>Programas socio-formativos en centros penitenciarios.</p><p>Programas que promuevan la sensibilización y la convivencia intercultural, así como la igualdad de trato y la no discriminación de la población gitana y la asistencia a las víctimas de la discriminación.</p><p>Programas de acompañamiento social a familias gitanas en situación de especial dificultad.</p><p>Requisitos:</p><p>Los programas de apoyo y seguimiento en las etapas de educación infantil y obligatoria y los de prevención del absentismo escolar, deberán acreditar la coordinación con los centros escolares de la localidad en que se realicen.</p><p>En los programas para facilitar la continuidad y permanencia en los estudios deberán aportarse datos relativos a los potenciales usuarios/as: estudios que cursan, zonas de donde proceden, circunstancias sociales, etc.</p><p>El profesorado que imparta la formación deberá acreditar la titulación adecuada para trabajar en este ámbito.</p><p>Los programas socio-formativos en centros penitenciarios deberán acreditar la conformidad de los centros penitenciarios donde se vayan a realizar.</p>"
"PERSONAS MIGRANTES, SOLICITANTES DE ASILO Y OTRAS PERSONAS CON PROTECCIÓN INTERNACIONAL","PROGRAMAS DE ORIENTACIÓN, INFORMACIÓN Y ACOGIDA INTEGRAL","<p>8.1.1 Programas de orientación, información, formación y asesoramiento legal, que tengan como objetivo favorecer el acceso de los inmigrantes a los servicios sociales generales, mediante la mejor información y orientación sobre sus derechos y prestaciones sociales básicas a las que tengan acceso.</p><p>Podrán incorporar servicios de información, orientación social y cívica, habilidades sociales, cursos de lengua y cultura, talleres de alfabetización, asistencia jurídica y servicios de traducción e interpretación.</p><p>8.1.2 Programas de acogida integral, que además de las prestaciones o servicios establecidos en el apartado anterior, incluyan la creación y el mantenimiento de plazas de acogida que proporcionen recursos de alojamiento y manutención.</p><p>Las plazas podrán ser de diferente tipología: alojamientos individuales o colectivos y se indicará el número de plazas por programa.</p><p>Prioridades:</p><p>Programas orientados a crear y desarrollar módulos informativos introductorios a la sociedad española, que se adapten a la situación del proyecto migratorio de los interesados y de sus necesidades personales, laborales y sociales, que promuevan la convivencia ciudadana y el ejercicio de derechos.</p><p>Programas dirigidos a inmigrantes, solicitantes de asilo y otras personas con protección internacional en situación de vulnerabilidad o riesgo de exclusión: menores no acompañados y jóvenes, grupos monoparentales con cargas familiares, personas con discapacidad, personas de edad avanzada y personas victimas de violencia.</p><p>Programas para la mejora de las condiciones de habitabilidad de las viviendas, residencias o centros de acogida destinadas a la atención de inmigrantes, solicitantes de asilo y otras personas con protección internacional.</p><p>Programas de apoyo al realojo de inmigrantes que vivan en núcleos chabolistas en coordinación con las administraciones competentes.</p><p>Programas que promuevan la igualdad de trato y no discriminación y la asistencia a las víctimas de la discriminación.</p><p>Se podrán contemplar obras de adaptación, equipamiento y reposición de mobiliario y enseres de los distintos alojamientos.</p><p>Requisitos:</p><p>Que los programas sean subsidiarios y/o complementarios de aquellos que tengan establecidos las autoridades competentes con carácter general para toda la población.</p><p>Que los beneficiarios necesiten una acción compensatoria frente a las dificultades específicas derivadas de formar parte de los colectivos citados.</p><p>Que los programas de interpretación y traducción sean prestados por entidades con profesionales, experiencia y capacidad suficiente para facilitar la prestación de los servicios con garantías de calidad.</p><p>Que los programas guarden relación con aquellas situaciones en las que las Administraciones Públicas consideren urgente su intervención.</p><p>Que en los programas referidos a la mejora de las condiciones de habitabilidad los beneficiarios acrediten la titularidad o derecho suficiente sobre la vivienda o alojamiento o, en su caso, la autorización del arrendador, propietario o titular del derecho, siendo obligación de las entidades solicitantes la comprobación de tales extremos. Igualmente, deberá constar el compromiso de la entidad solicitante de exigir la acreditación de la residencia efectiva, así como, en su caso, de obtener las licencias y permisos pertinentes para la ejecución de la obra.</p><p>Deberá acreditarse el cumplimiento de los requisitos comunes que sean de aplicación y que figuran reseñados en el punto II del presente anexo.</p>"
"PERSONAS MIGRANTES, SOLICITANTES DE ASILO Y OTRAS PERSONAS CON PROTECCIÓN INTERNACIONAL","PROGRAMAS DE REAGRUPACIÓN FAMILIAR Y RETORNO VOLUNTARIO","<p>8.2.1 Programas que tengan como objetivo facilitar la reagrupación familiar de personas inmigrantes.</p><p>Prioridades:</p><p>Programas para la obtención de información, documentos, traslados y otras acciones de reagrupación familiar.</p><p>Programas que contemplen la figura de la mediación familiar intercultural.</p><p>Programas que prevean itinerarios familiares de inserción.</p><p>Programas que favorezcan la inserción laboral de las personas reagrupadas.</p><p>Requisitos:</p><p>Que contemplen dispositivos de información sobre acogida y/o módulos informativos introductorios con antelación o con posterioridad a la llegada de los familiares reagrupados.</p><p>8.2.2 Programas que tengan como objetivo el retorno voluntario de las personas inmigrantes a sus países de origen.</p><p>Prioridades:</p><p>Programas de apoyo al retorno de inmigrantes en situación de vulnerabilidad o riesgo de exclusión social.</p><p>Programas de fomento de la participación de los destinatarios del programa en proyectos de desarrollo en sus países de origen en el diseño de su propio proyecto de retorno.</p><p>Programas de formación y capacitación de inmigrantes ligados a la demanda laboral en el país de origen.</p><p>Programas de análisis de la viabilidad de iniciativas socio-productivas que se propongan para desarrollar en los países de origen y de la realidad socio-económica y laboral de los países de retorno.</p><p>Programas de ayuda al viaje que complementen el Plan de Retorno Voluntario mediante el abono anticipado y acumulado de la prestación contributiva por desempleo reconocido a los trabajadores inmigrantes.</p><p>Requisitos:</p><p>Que tengan carácter voluntario.</p><p>Que contemplen acciones de información, orientación, formación para el retorno, apoyo a los gastos previos y posteriores para que este se lleve a cabo y, en su caso, acciones de apoyo a la primera instalación y seguimiento de las personas retornadas y sus familias.</p><p>Reconocimiento por el Servicio Público de Empleo Estatal del derecho a percibir el abono acumulado de la prestación por desempleo y haber recibido el primer pago de dicha prestación.</p>"
"PERSONAS MIGRANTES, SOLICITANTES DE ASILO Y OTRAS PERSONAS CON PROTECCIÓN INTERNACIONAL","Programas de movilidad geográfica","<p>Programas de apoyo a la movilidad geográfica dentro del territorio nacional de los trabajadores inmigrantes.</p><p>Prioridades:</p><p>Programas que potencien el desarrollo local de zonas despobladas.</p><p>Programas que promuevan la cobertura de las necesidades y oportunidades del mercado de trabajo, la mejora de las posibilidades de promoción profesional y el desempeño de un empleo acorde con las cualificaciones de los inmigrantes.</p><p>Requisitos:</p><p>Que los inmigrantes estén en situación de vulnerabilidad o riesgo de exclusión social.</p><p>Que los programas favorezcan la inserción laboral y/o social de los trabajadores inmigrantes y sus familias.</p>"
"PERSONAS MIGRANTES, SOLICITANTES DE ASILO Y OTRAS PERSONAS CON PROTECCIÓN INTERNACIONAL","ASISTENCIA A EMIGRANTES ESPAÑOLES RETORNADOS","<p>Asistencia a emigrantes españoles retornados a nuestro país, durante el período necesario para poder acogerse a los sistemas generales de atención.</p><p>Prioridades:</p><p>Programas dirigidos al desarrollo de acciones de información, orientación y asesoramiento socio-laboral de los emigrantes retornados y sus familias a fin de facilitarles información sobre sus derechos en materia de prestaciones sociales y proporcionarles orientación laboral para lograr su rápida integración.</p><p>Programas dirigidos a la acogida temporal de los emigrantes y sus familias que retornen en situación de mayor precariedad.</p><p>Requisitos:</p><p>Los programas dirigidos a la acogida temporal de los retornados deberán estar coordinados con los Servicios Sociales de carácter público.</p>"
"PERSONAS AFECTADAS POR EL SIDA","APOYO A PERSONAS AFECTADAS POR EL VIH/SIDA","<p>Los programas pretenden ofrecer apoyo sanitario, psicológico, social y laboral con el objetivo de contribuir a la permanencia de los/las las personas afectadas en su propio entorno social, facilitando el seguimiento y tratamiento médico de estas personas y posibilitando su incorporación social y laboral.</p><p>Prioridades:</p><p>Programas destinados al apoyo psico-social de personas afectadas por el VIH/SIDA sin recursos económicos suficientes, o en situación de exclusión social.</p><p>Programas dirigidos a la orientación y la facilitación de la incorporación al mercado laboral de las personas que viven con VIH/SIDA.</p><p>Requisitos:</p><p>Deberán integrarse en las estructuras y servicios existentes, actuando de manera coordinada con las administraciones públicas, incluyendo servicios sociales, servicios sanitarios de atención especializada, atención primaria y salud mental, centros de atención a las drogodependencias/adicciones y programas autonómicos de VIH/SIDA, a fin de garantizar mejores resultados y que sean sostenibles llevarse a cabo.</p><p>Los programas de orientación y facilitación de la incorporación al mercado laboral deberán dirigirse a personas infectadas por el VIH/SIDA en situación clínica inmunológica estable y con nivel de autonomía suficiente.</p><p>Los programas deberán incluir actividades destinadas a promover conductas de menor riesgo, hábitos saludables y adherencia al tratamiento.</p>"
"PERSONAS AFECTADAS POR EL SIDA","PROGRAMAS DE CREACIÓN Y MANTENIMIENTO DE ALOJAMIENTOS DE ACOGIDA Y/O DE INSERCIÓN SOCIAL","<p>Estos programas se dirigen a dar acogida a corto, medio y largo plazo a personas infectadas por el virus de la inmunodeficiencia humana (VIH) y a pacientes de sida con problemática social asociada o dificultades económicas graves, con el objetivo de proporcionarles un alojamiento digno y el apoyo bio-psico-social necesario para una incorporación social y laboral acorde a las necesidades y recursos de cada persona.</p><p>Prioridades:</p><p>Alojamientos a personas afectadas por el VIH/sida con problemática social asociada o dificultades económicas graves, en tratamiento de drogodependencias a seguimiento desde las unidades de salud social correspondientes o con procesos clínicos o inmunológicos severos.</p><p>Requisitos:</p><p>Estos alojamientos deben tener una capacidad mínima de 3 plazas y máxima de 15, no obstante, se tendrán en cuenta los criterios que cada Comunidad Autónoma establece para este tipo de servicios y la autorización expresa de los departamentos competentes en la materia.</p><p>Los programas deberán incluir actividades destinadas a promover conductas de menor riesgo, hábitos saludables y adherencia al tratamiento.</p><p>Deberán integrarse en las estructuras y servicios existentes, actuando de manera coordinada con las administraciones públicas, incluyendo servicios sociales, servicios sanitarios de atención especializada, atención primaria y salud mental, centros de atención a las drogodependencias/adicciones y programas autonómicos de VIH/SIDA, a fin de garantizar mejores resultados y que sean sostenibles llevarse a cabo.</p>"
"PERSONAS RECLUSAS Y EX RECLUSAS","ATENCIÓN SANITARIA Y REHABILITACIÓN DE INTERNOS DROGODEPENDIENTES, ENFERMOS DE SIDA Y OTRAS ENFERMEDADES Y CON DISCAPACIDAD","<p>Los programas tienen como objetivo la atención personalizada de internos en régimen cerrado y en medio abierto, además de liberados condicionales, en su caso, con problemas sanitarios y de drogodependencias en el interior de los Centros Penitenciarios, en comunidades terapéuticas, unidades dependientes y pisos de acogida.</p><p>Prioridades:</p><p>Atención a personas con drogodependencias:</p><p>Prevención.</p><p>Educación para la salud. Formación de mediadores.</p><p>Reducción de daños (PIJ, metadona y otros).</p><p>Deshabituación.</p><p>Incorporación social.</p><p>Atención a personas afectadas por el VIH/ SIDA y otras enfermedades:</p><p>Plazas en régimen de internado a pacientes terminales.</p><p>Apoyo e información.</p><p>Prevención.</p><p>Educación para la salud. Mediadores de salud.</p><p>Apoyo a enfermos crónicos.</p><p>Atención a enfermos con necesidad de cuidados paliativos.</p><p>Atención a enfermos mentales.</p><p>Atención a personas con discapacidad intelectual.</p><p>Programa de intervención integral.</p><p>Atención de reclusos y exreclusos con patología dual.</p><p>Apoyo a la rehabilitación psiquiátrica.</p><p>Requisitos:</p><p>Atención a personas con drogodependencias:</p><p>Los programas deben especificar el Centro Penitenciario y/o provincia de actuación.</p><p>Los programas deberán contener el plan de actividades para su desarrollo, población penitenciaria y familiares a que se dirige, ámbito temporal de desarrollo, objetivos, actividades concretas, medios materiales y personales e indicadores de evaluación.</p><p>Los programas deben adaptarse a las instrucciones de intervención de Organizaciones no gubernamentales y entidades colaboradoras dictadas por las Administraciones Penitenciarias competentes.</p><p>Debe acompañarse memoria de evaluación de los resultados obtenidos, en el caso de programas que hayan estado en funcionamiento con anterioridad y no constar informe desfavorable a los mismos por parte del centro penitenciario donde se hayan llevado a cabo.</p><p>Atención a personas afectadas por el VIH/SIDA y otras enfermedades:</p><p>Los programas deben especificar el Centro Penitenciario y/o provincia de actuación.</p><p>Programas que faciliten la excarcelación de reclusos afectados por el VIH/ SIDA y otras enfermedades, a través de casas de acogida y/o apoyo domiciliario.</p><p>Programas que favorezcan la excarcelación y contemplen unidades para cuidados paliativos, con atención sanitaria y social.</p><p>Los programas de atención a enfermos mentales, personas con discapacidad intelectual y con patología dual deben conectar a los internos y/o sus familias con los recursos del entorno (salud mental, ONG, UTT, CC.SS.MM. centros residenciales, …), coordinándose con los mismos con el fin de conseguir una continuidad de la intervención.</p><p>Los programas deben adaptarse a las instrucciones de intervención de Organizaciones no gubernamentales y entidades colaboradoras dictadas por las Administraciones Penitenciarias competentes.</p><p>Debe acompañarse memoria de evaluación de los resultados obtenidos, en el caso de programas que hayan estado en funcionamiento con anterioridad y no conste informe desfavorable de los mismos por parte de los centros penitenciarios en donde se hayan llevado a cabo.</p><p>Atención a personas con discapacidad física, intelectual y sensorial:</p><p>Los programas deben especificar el Centro Penitenciario y/o provincia de actuación.</p><p>Los programas deben contemplar una atención integral, tanto en el interior del centro penitenciario como en el exterior del mismo, contando en el caso de necesidad con acogida en la excarcelación.</p><p>Los programas deben adaptarse a las instrucciones de intervención de Organizaciones no gubernamentales y entidades colaboradoras dictadas por las Administraciones Penitenciarias competentes.</p><p>Debe acompañarse memoria de evaluación de los resultados obtenidos, en el caso de programas que hayan estado en funcionamiento con anterioridad y no conste informe desfavorable de los mismos por parte de los centros penitenciarios en donde se hayan llevado a cabo.</p>"
"PERSONAS RECLUSAS Y EX RECLUSAS","INSERCIÓN SOCIAL DE LOS INTERNOS EN EL MEDIO ABIERTO Y LIBERADOS CONDICIONALES","<p>Los programas tienen como objetivo intervenir con los internos en las diferentes modalidades de vida que presenta el medio abierto, en secciones abiertas, centros de inserción social, unidades dependientes y extrapenitenciarias, con medios telemáticos, y además con los liberados condicionales, con el fin de cubrir e intervenir en las carencias y necesidades que presenten, como preparación a la libertad.</p><p>Prioridades:</p><p>Programas Ocupacionales y Formativos:</p><p>Educativos: apoyo a la enseñanza reglada.</p><p>Orientación Laboral: búsqueda de empleo, asesoramiento inserción y contratación.</p><p>Orientación jurídica.</p><p>Talleres ocupacionales.</p><p>Informática.</p><p>Difusión cultural.</p><p>Sostenibilidad ambiental.</p><p>Educación vial.</p><p>Programas de seguimiento y desarrollo laboral:</p><p>Sostenimiento y acompañamiento laboral.</p><p>Acompañamiento para la inserción de penados clasificados en tercer grado y liberados condicionales.</p><p>Programas en el área social:</p><p>Acogida, acompañamiento e información al interno y a la familia.</p><p>Sociofamiliares: capacidad de relación, prevención de relaciones marginales.</p><p>Recursos extrapenitenciarios: redes comunitarias.</p><p>Asesoramiento legal.</p><p>Seguimiento de permisos.</p><p>Programas de intervención específica:</p><p>Asunción del delito, conciencia y reparación del daño.</p><p>Mediación con la victima.</p><p>Pensamiento prosocial, valores éticos.</p><p>Habilidades sociales.</p><p>Apoyo psicológico (gestión de las emociones, autocontrol, resolución de conflictos, asunción de límites)</p><p>Afectivo sexuales.</p><p>Delitos violentos (violencia familiar, de género, agresión sexual)</p><p>Gestión del tiempo.</p><p>Gestión y técnicas del gasto/ahorro.</p><p>Requisitos:</p><p>Los programas deben especificar el Centro Penitenciario y/o provincia de actuación.</p><p>Los programas deben adaptarse a las instrucciones de intervención de Organizaciones no gubernamentales y entidades colaboradoras dictadas por las Administraciones Penitenciarias competentes.</p><p>Debe acompañarse memoria de evaluación de los resultados obtenidos, en el caso de programas que hayan estado en funcionamiento con anterioridad y no conste informe desfavorable de los mismos del centro penitenciario donde se hayan llevado a cabo.</p>"
"PERSONAS RECLUSAS Y EX RECLUSAS","INTEGRACIÓN SOCIAL Y LA INSERCIÓN LABORAL DE INTERNOS RÉGIMEN CERRADO","<p>Los programas tienen como objetivo atender a los internos y familiares, en las necesidades que no son cubiertas por los servicios sociales de base, facilitar que las personas privadas de libertad consigan la inserción social y laboral con la aplicación de programas específicos de tratamiento, así como despertar hábitos de lectura, inquietudes intelectuales nuevas, estimular el desarrollo intelectual, social y cultural de los usuarios de las bibliotecas, e impulsar actitudes de respeto y convivencia.</p><p>Prioridades:</p><p>Integración Social:</p><p>Pisos de acogida para permisos de salida y liberados condicionales y definitivos.</p><p>Acogida para enfermos durante permisos de salida y libertad condicional.</p><p>Creación de Unidades dependientes.</p><p>Salidas programadas de tipo terapéutico, culturales, deportivas.</p><p>Programas de formación de valores éticos.</p><p>Programas de igualdad.</p><p>Inserción laboral:</p><p>Orientación laboral.</p><p>Talleres ocupacionales.</p><p>Habilidades sociales y técnicas de comunicación.</p><p>Fomento de la lectura en las bibliotecas de los Centros Penitenciarios.</p><p>Programas Específicos de Tratamiento:</p><p>Violencia (género, ámbito familiar y otros).</p><p>Educación Vial.</p><p>Educación sexual.</p><p>Adicciones (drogadicción, alcoholismo, ludopatía y otras)</p><p>Requisitos:</p><p>Los programas deben especificar el Centro Penitenciario y/o provincia de actuación.</p><p>Los programas deben adaptarse a las instrucciones de intervención de Organizaciones no gubernamentales y entidades colaboradoras dictadas por las Administraciones Penitenciarias competentes.</p><p>Los programas de fomento de la lectura deben contar con bibliotecarios profesionales, titulados en estudios de Diplomatura de Biblioteconomía y Documentación para su actuación en las Bibliotecas de los Centros Penitenciarios.</p><p>Debe acompañarse memoria de evaluación de los resultados obtenidos, en el caso de programas que hayan estado en funcionamiento con anterioridad y no conste informe desfavorable de los mismos por parte del centro penitenciario en donde se hayan llevado a cabo.</p>"
"PERSONAS RECLUSAS Y EX RECLUSAS","COLABORACIÓN EN EL CUMPLIMIENTO PENAS DE MEDIDAS ALTERNATIVAS A LA PRISIÓN","<p>Los programas tienen como objetivo potenciar y favorecer la aplicación de las penas y medidas de seguridad alternativas a la prisión previstas en el Código Penal.</p><p>Prioridades:</p><p>Medidas de seguridad privativas de libertad:</p><p>Internamiento en centro educativo especial.</p><p>Internamiento en centro psiquiátrico.</p><p>Internamiento en centro de deshabituación al consumo de drogas.</p><p>Medidas de seguridad no privativas de libertad:</p><p>Tratamiento externo en centro médico o establecimiento de carácter socio-sanitario.</p><p>Sometimiento a programas de tipo formativo, cultural, educativo, profesional, de tratamiento psicológico, con especial atención al tratamiento a maltratadores por violencia de género, en el ámbito familiar y otros similares.</p><p>Suspensión de la ejecución de las penas privativas de libertad:</p><p>Apoyo en el tratamiento de la deshabituación al consumo de drogas.</p><p>Apoyo a programas de tipo formativo, cultural, educativo, profesional, de tratamiento psicológico con especial atención al tratamiento a maltratadores por violencia de género, en el ámbito familiar y otros similares.</p><p>Penas privativas de derechos. Los trabajos en beneficio de la comunidad:</p><p>Apoyo en la ejecución de la pena de trabajo en beneficio de la comunidad.</p><p>Programas para asistencia a personas con discapacidad física, intelectual y sensorial, personas mayores y enfermos.</p><p>Proyecto específico de reeducación y/o tratamiento psicológico para aquellos penados que se les imponga, junto a la pena de Trabajo en Beneficio de la Comunidad, el seguimiento y participación en algunos de estos programas.</p><p>Para las distintas penas y medidas:</p><p>Programas específicos de seguimiento y participación para los penados.</p><p>Programas formativos, laborales, culturales, de educación vial, de educación sexual, tratamiento a maltratadores por violencia de género y en el ámbito familiar y otras similares.</p><p>Requisitos:</p><p>Los programas deben especificar el Centro Penitenciario y/o provincia de actuación.</p><p>Los programas deben adaptarse a las instrucciones de intervención de Organizaciones no gubernamentales y entidades colaboradoras dictadas por las Administraciones Penitenciarias competentes.</p><p>Debe acompañarse memoria de evaluación de los resultados obtenidos, en el caso de programas que hayan estado en funcionamiento con anterioridad y no conste informe desfavorable de los mismos por parte del centro penitenciario en donde se hayan llevado a cabo.</p>"
"PERSONAS RECLUSAS Y EX RECLUSAS","PROGRAMAS PARA LA ATENCIÓN DE COLECTIVOS ESPECÍFICOS","<p>Los programas tienen como objetivo atender las necesidades específicas de los extranjeros, mujeres, jóvenes, mayores y niños menores de tres años residentes en Centros Penitenciarios, Unidades de Madres y Unidades Dependientes, que faciliten su integración social y laboral.</p><p>Prioridades:</p><p>Atención a extranjeros:</p><p>Programas de concienciación de su propia cultura de origen.</p><p>Programas de integración en los valores de la cultura occidental.</p><p>Programas de Integración del sistema democrático español para extranjeros y lenguas oficiales según el territorio donde se desarrolle el programa para extranjeros.</p><p>Taller de escritura.</p><p>Fomento de la lectura.</p><p>Asesoramiento personal y jurídico.</p><p>Acogida durante permisos de salida, libertad condicional y definitiva.</p><p>Atención a mujeres:</p><p>Programas socioeducativos, formativos y de ocupación del tiempo libre.</p><p>Programas de orientación e inserción laboral. Acompañamiento en búsqueda de empleo de penadas en tercer grado y libertad condicional.</p><p>Programas de desarrollo personal, mejora de la autoestima, promoción de hábitos saludables y similares.</p><p>Programas de prevención de la violencia de género y tratamiento de víctimas.</p><p>Atención a internos jóvenes:</p><p>Programas de intervención socioeducativa, que incluyen actuaciones individualizadas, de apoyo psicológico y emocional.</p><p>Programas de inserción y orientación laboral.</p><p>Programas de educación en valores que fomenten la convivencia y la tolerancia.</p><p>Programas de fomento de hábitos saludables, educación sexual, educación medioambiental y similares.</p><p>Programas de sensibilización y prevención de la violencia de género y de otras conductas antisociales.</p><p>Atención a internos mayores:</p><p>Programas de intervención socioeducativa, que incluyen actuaciones individualizadas, de apoyo psicológico y emocional.</p><p>Taller de escritura.</p><p>Fomento de la lectura.</p><p>Asesoramiento personal y jurídico.</p><p>Acogida durante permisos de salida, libertad condicional y definitiva.</p><p>Taller de nuevas tecnologías.</p><p>Atención a niños residentes en Centros Penitenciarios y/o Unidades de Madres:</p><p>Salidas programadas con niños, destinadas a favorecer su integración en el entorno social.</p><p>Vacaciones programadas de los niños y sus madres.</p><p>Salidas de fin de semana de los niños.</p><p>Celebración de festividades para favorecer la relación grupal en un clima lúdico y festivo.</p><p>Programas de intervención con los niños y con sus madres, siempre que en este último caso redunden positivamente en la atención y desarrollo de los niños.</p><p>Guarderías durante la celebración de comunicaciones.</p><p>Requisitos:</p><p>Los programas deben especificar el Centro Penitenciario y/o provincia de actuación.</p><p>Los programas deberán contener el plan de actividades para su desarrollo, población penitenciaria y familiares a que se dirige, ámbito temporal de desarrollo, objetivos, actividades concretas, medios materiales y personales e indicadores de evaluación.</p><p>Los programas deben adaptarse a las instrucciones de intervención de Organizaciones no gubernamentales y entidades colaboradoras dictadas por las Administraciones Penitenciarias competentes.</p><p>Debe acompañarse memoria de evaluación de los resultados obtenidos, en el caso de programas que hayan estado en funcionamiento con anterioridad y que no conste informe desfavorable por parte del centro penitenciario donde se hayan llevado a cabo.</p>"
"PROGRAMAS PARA LA INCLUSIÓN SOCIAL","PROGRAMAS INTEGRALES DIRIGIDOS A LAS PERSONAS EN SITUACIÓN O EN RIESGO DE EXCLUSIÓN","<p>Los programas deberán trabajar desde la transversalidad y contemplar acciones de carácter integral, que incluyan actividades simultáneas en las siguientes áreas de intervención: educación, formación e inserción laboral, salud, acción social, justicia, vivienda y alojamiento; dirigidas a la inserción sociolaboral de las personas en situación o en riesgo de exclusión social.</p><p>Prioridades:</p><p>Programas de mediación y acompañamiento social, información y asesoramiento para el acceso a los sistemas de protección social (acceso a la vivienda, empleo, salud, educación, justicia y servicios sociales) de personas, familias o grupos en riesgo o situación de exclusión social. En estos programas, la construcción y adquisición de inmuebles, la adecuación y mejora de centros, así como la dotación de equipamiento, siempre que acrediten cofinanciación.</p><p>Programas que contemplen actuaciones destinadas a todas las personas, familias o grupos en riesgo o situación de exclusión social, que habiten en la zona o territorio en el que se desarrolla la intervención, y que conlleven actuaciones simultáneas en las áreas de empleo, salud, vivienda, educación y servicios sociales, propiciando un desarrollo sostenible.</p><p>Este tipo de programas establecerá, así mismo, mecanismos de coordinación y cooperación con las diferentes administraciones públicas, servicios sociales y agentes económicos y sociales de las zonas de actuación, impulsando el asociacionismo y aprovechen las redes ya establecidas, para lograr la participación de la población en los espacios institucionales y sociales.</p><p>Requisitos:</p><p>Los programas deberán complementar los establecidos por las CCAA y/o Ayuntamientos y contar con la colaboración de las instituciones públicas y privadas.</p><p>Los programas deberán realizarse en zonas que cuenten con una elevada presencia de personas en situación de exclusión social y/o en zonas de transformación social en las que los riesgos de exclusión social sean crecientes, debiendo quedar constancia de este extremo en los correspondientes programas.</p>"
"PROGRAMAS PARA LA INCLUSIÓN SOCIAL","PROGRAMAS INTEGRALES DESTINADOS A LA INCORPORACIÓN SOCIAL DE PERSONAS SIN HOGAR Y SIN ALOJAMIENTO DIGNO","<p>Los programas tienen como objetivo establecer estrategias de carácter integral, con actividades de intervención en todas las áreas, para favorecer la rehabilitación y progresiva incorporación social del grupo vulnerable de las personas sin hogar.</p><p>Los programas deberán estar vinculados a los Servicios Sociales, así como a los recursos sociales existentes en la zona de actuación.</p><p>Prioridades:</p><p>Los programas que se realicen con el apoyo de los Ayuntamientos respectivos.</p><p>Los programas de acogida y alojamiento de media y larga estancia en centros que desarrollen actividades de acompañamiento social que superen la asistencia básica de alojamiento y manutención y realicen acciones complementarias o lleven a cabo medidas de inserción social y laboral.</p><p>En los programas de acogida y alojamiento, la construcción y adquisición de inmuebles, la adecuación y mejora de centros, así como la dotación de equipamiento, siempre que acrediten cofinanciación.</p><p>Los programas dirigidos al establecimiento de equipos multidisciplinares ambulantes de atención social en la calle.</p><p>Programas que, en el área de la vivienda, contemplen la mediación con el sector privado para el acceso a la vivienda en régimen de arrendamiento, para personas en situación o riesgo de exclusión.</p><p>Programas de creación o mantenimiento de pisos de inserción social, que proporcionen alojamiento temporal y apoyo durante el proceso de inserción socio laboral de estas personas, potenciando factores de desarrollo personal y habilidades sociales para la integración social.</p><p>Requisitos:</p><p>Los programas complementarán los establecidos por las Comunidades Autónomas y/o Ayuntamientos y contarán con el apoyo y colaboración de los servicios sociales del territorio o zona de actuación.</p>"
"PROGRAMAS PARA LA INCLUSIÓN SOCIAL","PROGRAMAS INTEGRALES DIRIGIDOS A LA POBLACIÓN RURAL DESFAVORECIDA","<p>Los programas tienen como objetivo promover el desarrollo integral de la población rural, a través de acciones de carácter integral y permanente, que incidan en las comunidades rurales más vulnerables y que incluyan aspectos económicos, sociales, educativos, de formación y empleo, aprovechando los recursos existentes.</p><p>Prioridades:</p><p>Los programas que se realicen con el apoyo de los Ayuntamientos respectivos.</p><p>Los programas propuestos por entidades con implantación en el ámbito rural, que estén especializadas en la realización de proyectos de intervención social e información para el acceso a los sistemas de protección social, primándose aquellos programas en que participan varias ONG consorciadas.</p><p>Los programas que favorezcan la creación de movimientos asociativos y de servicios mancomunados.</p><p>Los programas que impulsen la utilización de Internet como instrumento de conexión e intercomunicación permanente entre núcleos rurales aislados y cabeceras de comarca y los centros de servicios sociales.</p><p>Requisitos:</p><p>Los programas deberán estar vinculados a los Servicios Sociales y contar con la participación vecinal y de los agentes autonómicos y locales.</p>"
"PROGRAMAS PARA LA INCLUSIÓN SOCIAL","PROGRAMAS DE ACCESO AL EMPLEO PARA PERSONAS EN SITUACIÓN O EN RIESGO DE EXCLUSIÓN","<p>Los programas tienen como objetivo la mejora de la empleabilidad y la inserción laboral de personas en situación o en riesgo de exclusión, que no acceden a las acciones formativas o al mercado de trabajo normalizados. Las actividades que se financiarán en esta convocatoria serán las de acompañamiento social y de formación y capacitación para la inserción laboral adaptadas a las personas con especiales dificultades y adecuadas a las necesidades del mercado.</p><p>Prioridades:</p><p>Programas que combinen actividades de diferente naturaleza: información, orientación y asesoramiento, formación, práctica laboral e itinerario personalizado de acompañamiento y seguimiento en el proceso de inserción laboral.</p><p>Programas que posibiliten la inserción laboral de personas o grupos vulnerables en actividades vinculadas a necesidades emergentes tales como servicios de proximidad, servicios culturales y de ocio, el medio ambiente, rehabilitación de viviendas y barrios y las nuevas tecnologías de la información y la comunicación.</p><p>Programas que establezcan estructuras-puente hacia el mercado de trabajo normalizado, en colaboración con los distintos agentes sociales, y servicios de intermediación laboral con otros servicios de empleo.</p><p>En los programas citados anteriormente, el equipamiento y las obras de reposición.</p><p>Programas que fomenten el desarrollo local y que cuenten con la cooperación y coordinación de las instituciones públicas y privadas en el territorio.</p><p>Programas que establezcan estructuras de información sobre microcréditos para el autoempleo y que sirvan de enlace con las entidades financieras, así como el asesoramiento para la puesta en marcha del proyecto y ayuda a la petición del mismo.</p><p>Requisitos:</p><p>Concretar el número de beneficiarios directos, especificar los perfiles de exclusión de los usuarios del programa y los criterios establecidos para su selección, los mecanismos de coordinación con los Servicios Sociales y otros recursos existentes de la zona, así como las acciones concretas para la inserción laboral.</p><p>Establecer acciones concretas de adquisición de hábitos sociales y laborales, formación y capacitación para la inserción laboral adecuadas a las necesidades del mercado y de los propios beneficiarios.</p><p>Acreditar documentalmente la colaboración con los Servicios Sociales del territorio o zona de actuación.</p><p>Se valorará la acreditación por la Entidad de haber formulado las solicitudes correspondientes de subvenciones para programas similares de formación-empleo a los organismos correspondientes: Servicio Público de Empleo Estatal, o de los Servicios Públicos de Empleo de las CC.AA., en el caso de competencias transferidas.</p>"
"PROGRAMAS PARA LA INCLUSIÓN SOCIAL","PROGRAMAS DESTINADOS A FACILITAR EL ACCESO A LAS TECNOLOGÍAS DE LA INFORMACIÓN Y COMUNICACIÓN A LAS PERSONAS EXCLUIDAS O EN RIESGO DE EXCLUSIÓN","<p>El objetivo es contrarrestar las dificultades en el acceso y el conocimiento de las tecnologías de la comunicación y de la información, dado que la ausencia de un grado mínimo de familiaridad con tales tecnologías puede traducirse en una mayor exclusión.</p><p>Prioridades:</p><p>Programas dirigidos a la alfabetización digital y a la adquisición de habilidades básicas en el uso de las nuevas tecnologías de información y comunicación de personas en situación o riesgo de exclusión social.</p><p>Requisitos:</p><p>Los programas deberán establecer mecanismos de coordinación con los servicios sociales existentes en la zona o territorio de actuación.</p><p>Determinar los perfiles y el número de usuarios directos en riesgo de exclusión que accederían al programa y los criterios para su selección.</p>"
"PROGRAMAS PROMOCIÓN DEL VOLUNTARIADO","PROGRAMAS DE SENSIBILIZACIÓN","<p>Los programas tienen como objetivo sensibilizar a la ciudadanía sobre la importancia de asumir un compromiso social y de colaborar en acciones de voluntariado, a través de entidades sociales, dando a conocer el papel del voluntariado y la labor que se desarrolla en beneficio de otras personas o grupos sociales, mediante la realización de campañas de información y concienciación, captación y fidelización, jornadas y foros de debate, trabajos de investigación, edición de materiales divulgativos, etc.</p><p>Prioridades:</p><p>Los programas que estén desarrollados conjuntamente por varias organizaciones y que adjunten firmado un acuerdo en el que se especifiquen los términos de su colaboración.</p><p>Los programas que acrediten el patrocinio de sus actividades por instituciones privadas.</p><p>Los programas que se orienten hacia la sensibilización social del sector educativo, del empresariado y de los medios de comunicación.</p><p>Los programas que favorezcan el desarrollo del voluntariado y la participación social de los mayores y los jóvenes.</p><p>Los programas que fomenten el desarrollo del voluntariado en el medio rural y se dirijan a las personas en situación de pobreza y mayor desarraigo social.</p>"
"PROGRAMAS PROMOCIÓN DEL VOLUNTARIADO","PROGRAMAS DE APOYO AL VOLUNTARIADO","<p>Los programas tienen por objeto la formación y capacitación de los responsables del voluntariado y de los propios voluntarios, la implantación de sistemas de calidad que aseguren la satisfacción de los usuarios, la mejora continua y transparencia de la gestión, así como estimular el desarrollo y fortalecimiento de estructuras de coordinación y de trabajo en red.</p><p>Prioridades:</p><p>Los programas que prevean el desarrollo de sistemas de coordinación y de trabajo en red para la realización conjunta de actuaciones de voluntariado, así como la colaboración con las empresas en proyectos para fomentar el voluntariado de sus trabajadores, acreditada mediante el oportuno acuerdo entidad-empresa.</p><p>Los programas que prevean el aprovechamiento de las nuevas tecnologías de la información en el área de voluntariado.</p><p>Los programas que tengan por objeto la formación específica de los voluntarios, orientada a la adquisición de los conocimientos técnicos y de las habilidades adecuadas a las concretas necesidades de los colectivos destinatarios de su actividad. Los programas deberán garantizar la asistencia mínima para el desarrollo de una actividad formativa específica.</p><p>Los programas que en el ámbito de la formación general, estén desarrollados conjuntamente por varias organizaciones y que contengan instrumentos y metodologías para el desarrollo de la calidad.</p><p>Los programas que incluyan planes de calidad realizados de manera externa y que fomenten el voluntariado y la eficacia y eficiencia de los programas de la entidad.</p>"
